순위,곡명,아티스트,앨범,앨범링크
1,VVS (Feat. JUSTHIS) (Prod. GroovyRoom),"미란이 (Mirani), 먼치맨, Khundi Panda, 머쉬베놈 (MUSHVENOM)",쇼미더머니 9 Episode 1,javascript:melon.link.goAlbumDetail('10521601');
2,밤하늘의 별을(2020),경서,밤하늘의 별을(2020),javascript:melon.link.goAlbumDetail('10518234');
3,Dynamite,방탄소년단,Dynamite (DayTime Version),javascript:melon.link.goAlbumDetail('10479150');
4,잠이 오질 않네요,장범준,잠이 오질 않네요,javascript:melon.link.goAlbumDetail('10508266');
5,Lovesick Girls,BLACKPINK,THE ALBUM,javascript:melon.link.goAlbumDetail('10498032');
6,힘든 건 사랑이 아니다,임창정,힘든 건 사랑이 아니다,javascript:melon.link.goAlbumDetail('10505118');
7,취기를 빌려 (취향저격 그녀 X 산들),산들,취기를 빌려 (취향저격 그녀 X 산들),javascript:melon.link.goAlbumDetail('10463600');
8,"내일이 오면 (Feat. 기리보이, BIG Naughty (서동현))",릴보이 (lIlBOI),쇼미더머니 9 Episode 3,javascript:melon.link.goAlbumDetail('10529161');
9,Life Goes On,방탄소년단,BE,javascript:melon.link.goAlbumDetail('10521521');
10,오래된 노래,스탠딩 에그,오래된 노래,javascript:melon.link.goAlbumDetail('2148596');
11,Savage Love (Laxed - Siren Beat) (BTS Remix),"Jawsh 685, Jason Derulo, 방탄소년단",Savage Love (Laxed - Siren Beat) [BTS Remix],javascript:melon.link.goAlbumDetail('10498123');
12,"CREDIT (Feat. 염따, 기리보이, Zion.T)",릴보이 (lIlBOI),쇼미더머니 9 Final,javascript:melon.link.goAlbumDetail('10536658');
13,내 마음이 움찔했던 순간 (취향저격 그녀 X 규현),규현 (KYUHYUN),내 마음이 움찔했던 순간 (취향저격 그녀 X 규현),javascript:melon.link.goAlbumDetail('10478925');
14,나랑 같이 걸을래 (바른연애 길잡이 X 적재),적재,나랑 같이 걸을래 (바른연애 길잡이 X 적재),javascript:melon.link.goAlbumDetail('10507546');
15,에잇(Prod.&Feat. SUGA of BTS),아이유,에잇,javascript:melon.link.goAlbumDetail('10426648');
16,"어떻게 이별까지 사랑하겠어, 널 사랑하는 거지",AKMU (악동뮤지션),항해,javascript:melon.link.goAlbumDetail('10331947');
17,혼술하고 싶은 밤,벤,혼술하고 싶은 밤,javascript:melon.link.goAlbumDetail('10527241');
18,화(火花),(여자)아이들,I burn,javascript:melon.link.goAlbumDetail('10545281');
19,"Achoo (Feat. pH-1, HAON) (Prod. GroovyRoom)",미란이 (Mirani),쇼미더머니 9 Episode 3,javascript:melon.link.goAlbumDetail('10529161');
20,When We Disco (Duet with 선미),박진영,When We Disco,javascript:melon.link.goAlbumDetail('10475061');
21,늦은 밤 너의 집 앞 골목길에서,노을,늦은 밤 너의 집 앞 골목길에서,javascript:melon.link.goAlbumDetail('10348811');
22,흔들리는 꽃들 속에서 네 샴푸향이 느껴진거야,장범준,멜로가 체질 OST Part 3,javascript:melon.link.goAlbumDetail('10320500');
23,Blueming,아이유,Love poem,javascript:melon.link.goAlbumDetail('10346650');
24,"모든 날, 모든 순간 (Every day, Every Moment)",폴킴,'키스 먼저 할까요?' OST Part.3,javascript:melon.link.goAlbumDetail('10149492');
25,어떻게 지내 (Prod. By VAN.C),오반 (OVAN),어떻게 지내,javascript:melon.link.goAlbumDetail('10399190');
26,옜다 (Take It) (Prod. GroovyRoom),"머쉬베놈 (MUSHVENOM), 저스디스 (JUSTHIS)",굴젓 (G+Jus),javascript:melon.link.goAlbumDetail('10546055');
27,"ON AIR (Feat. 로꼬, 박재범 & GRAY)",릴보이 (lIlBOI),쇼미더머니 9 Final,javascript:melon.link.goAlbumDetail('10536658');
28,Freak (Prod. Slom),"릴보이 (lIlBOI), 원슈타인, Chillin Homie, 스카이민혁 (Skyminhyuk)",쇼미더머니 9 Episode 1,javascript:melon.link.goAlbumDetail('10521601');
29,How You Like That,BLACKPINK,How You Like That,javascript:melon.link.goAlbumDetail('10451566');
30,METEOR,창모 (CHANGMO),Boyhood,javascript:melon.link.goAlbumDetail('10359162');
31,아로하,조정석,슬기로운 의사생활 OST Part 3,javascript:melon.link.goAlbumDetail('10409054');
32,서면역에서,순순희,서면역에서,javascript:melon.link.goAlbumDetail('10425277');
33,Dolphin,오마이걸 (OH MY GIRL),NONSTOP,javascript:melon.link.goAlbumDetail('10423289');
34,딩가딩가 (Dingga),마마무 (Mamamoo),딩가딩가 (Dingga),javascript:melon.link.goAlbumDetail('10505830');
35,뿌리 (Feat. JUSTHIS) (Prod. GroovyRoom),Khundi Panda,쇼미더머니 9 Episode 3,javascript:melon.link.goAlbumDetail('10529161');
36,사실 나는 (Feat.전건호),경서예지,사실 나는,javascript:melon.link.goAlbumDetail('10416034');
37,마음을 드려요,아이유,사랑의 불시착 OST Part 11,javascript:melon.link.goAlbumDetail('10388744');
38,오늘도 빛나는 너에게 (To You My Light) (Feat.이라온),마크툽 (MAKTUB),Red Moon : To You My Light,javascript:melon.link.goAlbumDetail('10294603');
39,DON'T TOUCH ME,환불원정대,DON'T TOUCH ME,javascript:melon.link.goAlbumDetail('10501191');
40,VVS (H1GHR Remix) (Feat. JUSTHIS) (Prod. GroovyRoom),"pH-1, BIG Naughty (서동현), TRADE L, Woodie Gochild, 박재범, 키드킹 (Kidd King)",굴젓 (G+Jus),javascript:melon.link.goAlbumDetail('10546055');
41,그날에 나는 맘이 편했을까,이예준,그날에 나는 맘이 편했을까,javascript:melon.link.goAlbumDetail('10527955');
42,작은 것들을 위한 시 (Boy With Luv) (Feat. Halsey),방탄소년단,MAP OF THE SOUL : PERSONA,javascript:melon.link.goAlbumDetail('10273641');
43,거짓말이라도 해서 널 보고싶어,백지영,거짓말이라도 해서 널 보고싶어,javascript:melon.link.goAlbumDetail('10460544');
44,I CAN’T STOP ME,TWICE (트와이스),Eyes wide open,javascript:melon.link.goAlbumDetail('10508930');
45,Memories,Maroon 5,Memories,javascript:melon.link.goAlbumDetail('10330593');
46,악역 (Feat. 이하이 & 사이먼 도미닉) (Prod. 코드 쿤스트),스윙스,쇼미더머니 9 Semi Final,javascript:melon.link.goAlbumDetail('10532919');
47,"Achoo Remix (Feat. 미란이(Mirani), pH-1, 먼치맨, Skinny Brown, Louie, 릴러말즈 (Leellamarz), Ourealgoat (아우릴고트), Dbo (디보), 식케이 (Sik-K), 오왼 (Owen), Kid Milli, 스윙스, Nudeboi Seo, TRADE L, 쿠기 (Coogie), Blase (블라세), sokodomo, Khundi Panda, 휘민 (Lil Moshpit), Khakii (카키))","그루비룸 (GroovyRoom), 저스디스 (JUSTHIS)",굴젓 (G+Jus),javascript:melon.link.goAlbumDetail('10546055');
48,마리아 (Maria),화사 (Hwa Sa),María,javascript:melon.link.goAlbumDetail('10452351');
49,우리 왜 헤어져야 해,신예영,우리 왜 헤어져야 해,javascript:melon.link.goAlbumDetail('10353881');
50,시작,가호 (Gaho),이태원 클라쓰 OST Part.2,javascript:melon.link.goAlbumDetail('10381712');
51,2002,Anne-Marie,Speak Your Mind (Deluxe),javascript:melon.link.goAlbumDetail('10137250');
52,사랑은 지날수록 더욱 선명하게 남아,전상근,한 걸음 : 흔적,javascript:melon.link.goAlbumDetail('10440381');
53,뻔한남자,이승기,뻔한남자,javascript:melon.link.goAlbumDetail('10518190');
54,봄날,방탄소년단,YOU NEVER WALK ALONE,javascript:melon.link.goAlbumDetail('10037969');
55,홀로,이하이,홀로,javascript:melon.link.goAlbumDetail('10465994');
56,한잔이면 지워질까,황인욱,한잔이면 지워질까,javascript:melon.link.goAlbumDetail('10533731');
57,살짝 설렜어 (Nonstop),오마이걸 (OH MY GIRL),NONSTOP,javascript:melon.link.goAlbumDetail('10423289');
58,눈누난나 (NUNU NANA),제시 (Jessi),NUNA,javascript:melon.link.goAlbumDetail('10469416');
59,Dance Monkey,Tones And I,The Kids Are Coming,javascript:melon.link.goAlbumDetail('10316394');
60,가을밤에 든 생각,잔나비,잔나비 소곡집 l,javascript:melon.link.goAlbumDetail('10514407');
61,고독하구만 (Feat. 수퍼비) (Prod. GroovyRoom),머쉬베놈 (MUSHVENOM),쇼미더머니 9 Semi Final,javascript:melon.link.goAlbumDetail('10532919');
62,Downtown Baby,블루 (BLOO),Downtown Baby,javascript:melon.link.goAlbumDetail('10117789');
63,안녕,폴킴,호텔 델루나 OST Part.10,javascript:melon.link.goAlbumDetail('10317137');
64,"사랑 못해, 남들 쉽게 다 하는 거",먼데이 키즈 (Monday Kiz),"사랑 못해, 남들 쉽게 다 하는 거",javascript:melon.link.goAlbumDetail('10506084');
65,Snowman,Sia,Everyday Is Christmas (Deluxe),javascript:melon.link.goAlbumDetail('10107511');
66,너를 만나,폴킴,너를 만나,javascript:melon.link.goAlbumDetail('10217134');
67,Panorama,IZ*ONE (아이즈원),One-reeler / Act IV,javascript:melon.link.goAlbumDetail('10530160');
68,소확행,임창정,힘든 건 사랑이 아니다,javascript:melon.link.goAlbumDetail('10505118');
69,What Do I Call You,태연 (TAEYEON),What Do I Call You - The 4th Mini Album,javascript:melon.link.goAlbumDetail('10534079');
70,너의 번호를 누르고 (Prod. 영화처럼),#안녕,너의 번호를 누르고,javascript:melon.link.goAlbumDetail('10359126');
71,Love poem,아이유,Love poem,javascript:melon.link.goAlbumDetail('10346650');
72,처음처럼,엠씨더맥스 (M.C the MAX),CEREMONIA,javascript:melon.link.goAlbumDetail('10408131');
73,나로 바꾸자 (duet with JYP),비,나로 바꾸자 (duet with JYP),javascript:melon.link.goAlbumDetail('10540785');
74,잘할게,이승기,The Project,javascript:melon.link.goAlbumDetail('10532045');
75,우린 어쩌다 헤어진 걸까,허각,Hello,javascript:melon.link.goAlbumDetail('10539679');
76,행복해,송하예,Happy,javascript:melon.link.goAlbumDetail('10504759');
77,이제 나만 믿어요,임영웅,내일은 미스터트롯 우승자 특전곡,javascript:melon.link.goAlbumDetail('10412319');
78,사랑하게 될 줄 알았어,전미도,슬기로운 의사생활 OST Part 11,javascript:melon.link.goAlbumDetail('10433754');
79,"여백의 미 (Feat. Jessi, JUSTHIS) (Prod. GroovyRoom)",머쉬베놈 (MUSHVENOM),쇼미더머니 9 Final,javascript:melon.link.goAlbumDetail('10536658');
80,Don't Start Now,Dua Lipa,Future Nostalgia,javascript:melon.link.goAlbumDetail('10345880');
81,Santa Tell Me,Ariana Grande,Santa Tell Me,javascript:melon.link.goAlbumDetail('2292117');
82,별을 담은 시 (Ode To The Stars),"마크툽 (MAKTUB), 이라온",Red Moon : Ode To The Stars,javascript:melon.link.goAlbumDetail('10486085');
83,너도 아는,폴킴,너도 아는,javascript:melon.link.goAlbumDetail('10508892');
84,All I Want For Christmas Is You,Mariah Carey,Merry Christmas (Deluxe Anniversary Edition),javascript:melon.link.goAlbumDetail('829');
85,12:45 (Stripped),Etham,12:45 (Stripped),javascript:melon.link.goAlbumDetail('10235362');
86,아무노래,지코 (ZICO),아무노래,javascript:melon.link.goAlbumDetail('10375118');
87,Bad Boy,"청하, Christopher",Bad Boy,javascript:melon.link.goAlbumDetail('10494790');
88,다시 여기 바닷가,"싹쓰리 (유두래곤, 린다G, 비룡)",다시 여기 바닷가,javascript:melon.link.goAlbumDetail('10462799');
89,12월의 어느 겨울…,윤도 (YoonDo),12월의 어느 겨울…,javascript:melon.link.goAlbumDetail('10538915');
90,Paris In The Rain,Lauv,I met you when I was 18. (the playlist),javascript:melon.link.goAlbumDetail('10209752');
91,ON,방탄소년단,MAP OF THE SOUL : 7,javascript:melon.link.goAlbumDetail('10377346');
92,미리 메리 크리스마스 (Feat. 천둥 Of MBLAQ),아이유,Real,javascript:melon.link.goAlbumDetail('1093562');
93,놓아줘 (with 태연),Crush,with HER,javascript:melon.link.goAlbumDetail('10505425');
94,Maniac,Conan Gray,Maniac,javascript:melon.link.goAlbumDetail('10343276');
95,Black Mamba,aespa,Black Mamba,javascript:melon.link.goAlbumDetail('10519346');
96,적외선 카메라,원슈타인,쇼미더머니 9 Episode 3,javascript:melon.link.goAlbumDetail('10529161');
97,For You (Feat. Crush),이하이,For You,javascript:melon.link.goAlbumDetail('10534900');
98,원해 (Feat. 팔로알토) (Prod. 코드 쿤스트),"스윙스, 맥대디 (Mckdaddy), Khakii (카키), 래원 (Layone)",쇼미더머니 9 Episode 1,javascript:melon.link.goAlbumDetail('10521601');
99,"가다 (Feat. 사이먼 도미닉, The Quiett) (Prod. SLO)",머쉬베놈 (MUSHVENOM),쇼미더머니 9 Final,javascript:melon.link.goAlbumDetail('10536658');
100,Blue & Grey,방탄소년단,BE,javascript:melon.link.goAlbumDetail('10521521');
