,title,doc,comment
0, , ,
1, , ,
2,            허리 안마기 집에 사뒀어요        ,허리 안마기 집에 사뒀어요 워킹맘이긴한데 집에서 재택근무를하고있다보니까 저는 엄청 편할줄알았는데생각보다 불편한점이 많이있더라구요 ㅠㅠ,허리 안마기 기능은 문제없이 좋아보이네요 혹시 어디서 샀나요httpssmartstorenavercomsicritmaketproducts 여기요 ㅎㅎ 문제시에는 삭제하겠습니당 ㅎㅎ흠 고민좀 해봐야겠네요 ㅎㅎ   안마기 좀더 알아보고 구매를 하는게 좋을것같아서 생각좀해볼게요생각 좀 해보시는것도 괜찮을것 같네욤안마기 후기 잘쓰셨네요 후기글로 보니까 가성비좋아보여서 생각좀 해봐야겠어요 고민하시구 결정하는게 좋을것같네요 가성비 좋은 허리 안마기 고민중에 있었는데 괜찮아보이네욤정말 괜찮다구 생각합니돵이정도면 정말 만족스럽네여 조금만더 알아보고 구매할게요 ㅋㅋ하나 장만하는것도 괜찮을것같네요 허리 안마기  정보 잘보구갑니다 덕분에 많이 도움되었어욤도움되셨다니 뿌듯하네요 ㅋㅋ다른 미니건이랑 비교해가면서 보고있는데 비비딕 괜찮은것같은데여 ㅎㅎ성능 꽤나 괜찮더라구요 D이렇게 보니까 정말 괜찮은데요 돈모으면 하나 장만해야겠네요하나 장만해보시는것도 괜찮을것같네요 ㅎㅎ
3, , ,
4, , ,
5, , ,
6,            발안마기 잘산 것 같아요        ,평발이라 그런지 오래서있으면 발바닥과 종아리가 땡기면서 저려와요 평소 발바닥과 종아리 뭉쳐있으면 잘풀어주는게 좋다해서 발안마기 인터넷에 검색해서 후기 괜찮은걸로 구입했어요 ,
7,            목안마기 장만기        ,최근에 날씨 갑자기 너무 추워졌죠이렇게 날씨 추울때는 목을 따뜻하게 해야한다고저 목어깨 진료해주시는 선생님이 말씀하시더라구요목어깨가 차가우면 뇌로 혈액순환이 잘 안되고그럼 목어깨가 긴장하기도 하고뇌 건강에도 안좋구요이런말 들으면 넘 무섭죠ㅜㅜ전 항상 목에 손수건 두르고 따뜻하게 하는데이런것도 도움될 거 같아요그리고 자주 뭉치는 목어깨 풀어보려고 목안마기도 사봤는데 집에서 잘 쓰고 있어요,맛사지기 좋아보이네요 ㅎㅎ혹시 어디서 알아보신건지 알려주실수있나요네네 이거 전 여기 사이트에서 샀어요 httpssmartstorenavercomspringcompanyproducts굿스터치 목안마기구요 좋아보이네요 목안마기 저도 필요한데진짜 편하고 가볍고 괜찮더라구요목안마기 알아보시는 중이며 제가 남겨놓은 위에 댓글 함 보시면 좋을거 같아요강도조절도 되구 볼도 많아서 시원하겠어용저도 구입처 알려주실수있나요 ㅜㅜ맞아요 안마볼 많은거랑 강도조절되는거 좋아요 ㅎㅎ제가 산곳 위에 알려드렸어요볼 많아서 궁금해요 어디건지 물어봐도 될련지용 제가 쓰고 있는 제품 정보 위에 알려드렸습니당인터넷으로 샀나요 궁금쓰 넹넹 인터넷으로 무한검색하다가 찾은 아이템이예요 ㅎㅎ 만족만족오 좋아보이네요목안마기 같은거 집에 있으면 편하더라고요맞아요 확실히 쓰기 편한거로 두면 자주 쓰게되고 좋더라구요이쁘장하게 생겼네요그쵸 색도 튀지 않고 크기도 적당하고 집에 두기에 좋아요오 간단하게 쓸수있울거 같네요완전 간단해요 목어깨 위에 안마기 올려놓고 전원 누르면 끝ㅋㅋㅋ집에서 뻐근할 때 이거 두르고 일해도 좋을거 같아요저도 정보 공유좀 부탁드려요 맞아요 ㅎㅎ 손은 편하게 있어서 그래도 되겠네요ㅋㅋ 제가 쓰는 안마기 정보 위에 남겨놨습니다감사합니다 뜨끈한 안마 기 당장 쓰고 싶네요ㅎㅎㅎ 진짜 따뜻한 온열이 찜질 역할 잘해요 ㅋㅋㅋ
8, , ,
9, , ,
